epoch,time,train/box_loss,train/cls_loss,train/dfl_loss,metrics/precision(B),metrics/recall(B),metrics/mAP50(B),metrics/mAP50-95(B),val/box_loss,val/cls_loss,val/dfl_loss,lr/pg0,lr/pg1,lr/pg2
1,103.887,3.08707,4.58716,4.24622,0.00114,1,0.01759,0.00432,2.85979,5.85621,4.15785,0.00016,0.00016,0.00016
2,214.795,3.24297,4.97523,4.21056,0.00114,1,0.02076,0.00477,2.86899,5.84642,4.14736,0.000333268,0.000333268,0.000333268
3,327.788,3.04219,4.43874,4.15892,0.00114,1,0.00569,0.00163,2.8578,5.78176,4.12391,0.000499408,0.000499408,0.000499408
4,443.169,3.0324,4.26646,4.13814,0.00114,1,0.00483,0.00153,2.80649,5.55564,4.10489,0.00065842,0.00065842,0.00065842
5,559.174,2.97076,4.02306,4.1155,0.00114,1,0.00508,0.00153,2.81634,4.63158,4.04045,0.000810304,0.000810304,0.000810304
6,671.975,2.97356,4.17618,4.08449,0.00114,1,0.37735,0.07975,2.64456,5.60306,3.77025,0.00095506,0.00095506,0.00095506
7,810.2,3.03833,3.91814,4.03578,0.00105,0.92308,0.08768,0.0159,2.88945,5.29823,4.7078,0.00109269,0.00109269,0.00109269
8,973.473,2.95751,4.27789,3.97743,0.00091,0.69231,0.00083,0.00026,3.02596,5.81281,19.4121,0.00122319,0.00122319,0.00122319
9,1092.78,2.9483,3.81477,3.98069,0.01672,0.84615,0.05391,0.01085,3.09109,5.26133,16.2955,0.00134656,0.00134656,0.00134656
10,1209.43,3.11496,3.85828,3.94648,0.03543,0.69231,0.05238,0.01228,3.47329,5.55882,30.942,0.0014628,0.0014628,0.0014628
11,1323.22,2.63634,3.7473,3.78018,0.01035,1,0.12015,0.03335,3.50095,3.6302,27.3007,0.00157192,0.00157192,0.00157192
12,1436.39,2.9353,4.07771,3.68544,0.09973,0.53846,0.10651,0.05365,2.38221,5.34377,6.96113,0.0015644,0.0015644,0.0015644
13,1547.82,2.88647,3.62571,3.72371,0.00201,0.92308,0.01161,0.00241,3.30591,5.64308,7.00078,0.0015248,0.0015248,0.0015248
14,1657.71,3.03787,3.74331,3.64595,0.011,0.53846,0.01212,0.00321,2.91781,7.35618,7.43169,0.0014852,0.0014852,0.0014852
15,1767.62,2.85588,3.67294,3.56906,0.00887,0.46154,0.04525,0.00753,2.843,8.09143,5.62569,0.0014456,0.0014456,0.0014456
16,1878.11,2.85196,3.73892,3.66993,0.02826,0.76923,0.20897,0.06244,2.55765,5.05217,3.77852,0.001406,0.001406,0.001406
17,1991.22,2.7926,3.84625,3.5817,0.00174,1,0.01244,0.00339,2.92243,4.99938,4.17502,0.0013664,0.0013664,0.0013664
18,2112.56,2.83264,3.59106,3.59642,0.01663,0.53846,0.11838,0.05093,2.94416,5.35454,4.01958,0.0013268,0.0013268,0.0013268
19,2223.12,2.77074,3.58779,3.52956,0.01353,0.76923,0.05729,0.01253,2.71336,5.47134,4.12546,0.0012872,0.0012872,0.0012872
20,2345.65,2.84653,3.75147,3.44192,0.00823,0.23077,0.01368,0.00242,3.24012,5.05288,4.37756,0.0012476,0.0012476,0.0012476
21,2462.53,3.1359,3.80156,3.58909,0.00701,0.15385,0.04315,0.00505,3.20746,5.2457,4.31466,0.001208,0.001208,0.001208
22,2593.34,2.69388,3.41672,3.3863,0.00692,0.15385,0.02538,0.0031,3.1336,4.88405,4.13432,0.0011684,0.0011684,0.0011684
23,2709.06,2.88356,3.73139,3.46959,0.0163,0.61538,0.06215,0.01471,3.21954,4.46441,3.86215,0.0011288,0.0011288,0.0011288
24,2823.13,3.06614,3.66941,3.49974,0.0106,0.69231,0.13762,0.03769,3.24241,4.04129,3.87383,0.0010892,0.0010892,0.0010892
25,2934.94,2.9111,3.65065,3.44866,0.00835,0.69231,0.18206,0.04661,3.26768,3.68057,3.99131,0.0010496,0.0010496,0.0010496
26,3045.67,3.03107,3.86828,3.56311,0.00114,0.69231,0.0325,0.00658,3.23068,3.54732,4.00775,0.00101,0.00101,0.00101
27,3155.51,3.05803,3.47451,3.34569,0.00099,0.69231,0.01593,0.00304,3.16798,3.87579,3.89889,0.0009704,0.0009704,0.0009704
28,3265.78,2.79342,3.36941,3.3744,0.00204,0.61538,0.01385,0.00296,3.12566,3.99717,3.95143,0.0009308,0.0009308,0.0009308
29,3375.49,2.78163,3.5427,3.30722,0.00221,0.53846,0.08829,0.01789,3.23882,3.96287,3.98412,0.0008912,0.0008912,0.0008912
30,3485.37,3.01427,3.43214,3.20676,0.00081,0.61538,0.09145,0.01519,3.42663,4.21693,4.07826,0.0008516,0.0008516,0.0008516
31,3593.66,2.78124,3.43589,3.29269,0.00081,0.61538,0.02389,0.00508,3.48426,4.08468,4.0896,0.000812,0.000812,0.000812
32,3702.64,2.70491,3.52931,3.24389,0.00091,0.69231,0.02167,0.00444,3.40399,3.618,3.9667,0.0007724,0.0007724,0.0007724
33,3810.28,2.62642,3.305,3.35109,0.01759,0.46154,0.06492,0.01263,3.33098,3.49367,4.00771,0.0007328,0.0007328,0.0007328
34,3918.3,2.84622,3.46831,3.40643,0.02528,0.46154,0.11259,0.02233,3.23958,3.43073,4.00006,0.0006932,0.0006932,0.0006932
35,4026.36,2.87301,3.45536,3.45603,0.0273,0.38462,0.1066,0.02267,3.14646,3.43884,3.86931,0.0006536,0.0006536,0.0006536
36,4132.5,2.75615,3.34133,3.27392,0.01755,0.30769,0.03032,0.00945,3.29282,4.28313,3.95287,0.000614,0.000614,0.000614
37,4239.03,2.82281,3.49293,3.34064,0.01924,0.46154,0.02432,0.006,3.32699,5.11492,4.00754,0.0005744,0.0005744,0.0005744
38,4345.45,2.86124,3.45234,3.30161,0.02178,0.46154,0.03078,0.00801,3.30503,5.28977,3.97179,0.0005348,0.0005348,0.0005348
39,4451.43,2.81793,3.39774,3.30783,0.0289,0.46154,0.02996,0.00816,3.27637,4.88327,3.92125,0.0004952,0.0004952,0.0004952
40,4557.18,2.67804,3.25427,3.23471,0.02683,0.38462,0.03286,0.01048,3.22622,5.12529,3.85479,0.0004556,0.0004556,0.0004556
41,4662.67,2.92526,3.67857,3.63424,0.03577,0.46154,0.04289,0.0133,3.16098,4.59237,3.79219,0.000416,0.000416,0.000416
42,4768.46,2.67314,3.75646,3.40567,0.05878,0.38462,0.08551,0.0191,3.13428,3.49988,3.7687,0.0003764,0.0003764,0.0003764
43,4877.28,2.91296,3.64555,3.6979,0.12791,0.53846,0.18989,0.02912,3.08462,3.10977,3.7443,0.0003368,0.0003368,0.0003368
44,4993.61,2.67118,3.42325,3.48573,0.21106,0.61538,0.40099,0.06675,3.04518,2.93299,3.68542,0.0002972,0.0002972,0.0002972
45,5108.74,2.6752,3.28872,3.49528,0.19075,0.46154,0.37723,0.07053,2.99315,3.06093,3.70716,0.0002576,0.0002576,0.0002576
46,5221.61,2.78011,3.07133,3.51583,0.20487,0.46154,0.37836,0.06659,2.91183,3.06505,3.68842,0.000218,0.000218,0.000218
47,5331.27,2.46342,3.07562,3.3542,0.20078,0.38462,0.3421,0.0641,2.86998,2.96443,3.67403,0.0001784,0.0001784,0.0001784
48,5441.78,2.7331,3.07283,3.46163,0.21576,0.30769,0.31362,0.05698,2.83867,2.87922,3.65391,0.0001388,0.0001388,0.0001388
49,5550.37,2.67327,3.11356,3.39346,0.25672,0.30769,0.30123,0.06421,2.8382,2.84489,3.6363,9.92e-05,9.92e-05,9.92e-05
50,5657.71,2.47996,3.6699,3.10221,0.25064,0.30769,0.30615,0.06617,2.83258,2.82486,3.61163,5.96e-05,5.96e-05,5.96e-05
